"Aanmaakblokjes 72st EVD ","540014197025831703","31703","1,36","1,92"
"Aardappelkroketten 1Kg Boni","540014123763430085","30085","1,11","1,56"
"Aardappelkroketten Met Boter 1Kg Boni","540014123813632154","32154","2,25","3,18"
"Aftershave Men Sensitive 100 Nivea Men","400580822187530512","30512","5,99","7,19"
"Afwasmiddel Citroen 1L EVD","54001410120405400141255683540014119365730322","30322",",72","1,02"
"Afwasmiddel Citroen&Aloe Vera 950ml ECOVER","541253341712831498","31498","4,45","5,34"
"Afwasmiddel Soft 750ml Boni","54001412972015400141467383540014196971930321","30321","1,27","1,52"
"Agavesiroop Bio 350gr Boni","540014141575930168","30168","4,39","6,2"
"Agrum 50cl Boni","540014130276930114","30114",",42",",59"
"Agrum zero 1,5L Boni","540014130344531888","31888",",84","1,19"
"Agrum zero 50cl Boni","540014130280631846","31846",",42",",59"
"Allesreiniger Citroen 2L EVD","5400141256253540014125625330324","30324",",94","1,13"
"Allesreiniger Citrus Spray 750ml Boni","540014136477430325","30325","2,4","2,88"
"Allesreniger Marseille 1,25L Boni","540014136773730326","30326","1,52","2,15"
"Alpro Cooking Room 250ml","541118812137432019","32019","2","2,4"
"Alpro Soyadrink Original 1L","541118811547230553","30553","1,29","1,55"
"Alpro Yoghurt Blauwe Bosbes 500gr","541118810280930766","30766","2,99","3,59"
"Alpro Yoghurt Natuur 500g","541118809915430768","30768","1,99","2,39"
"Aluminiumfolie 30m EVD","540014142326630595","30595","2,19","2,63"
"Always Maandverband Normal 14st","800654082234032033","32033","2,59","3,11"
"Amandeldrink natuur 1L Boni","540014185093231559","31559","1,32","1,86"
"Amandeldrink Suikervrij 1L Boni","540014145226632127","32127","1,28","1,8"
"Ananasschijven Op Siroop 567G EVD","54001418448015400141128642540014187055830022","30022","1,23","1,74"
"Anco Kruidenpaneermeel Peterselie-Paprika 200g","541001830213632038","32038","3,19","3,83"
"Andalouse 500ml Boni","5400141902907540014146029230162","30162","2,54","3,59"
"Antikalk Tabletten 48st Boni","5400141160574540014146380430327","30327","4,21","5,05"
"Appelcompote Stukjes 570gr Boni","540014147429930024","30024","1,08","1,52"
"Appelcompote stukjes 720gr EVD","5400141355147540014147139710951","10951",",79","1,12"
"Appelmousseline 570gr Boni","5400141472967540014195581130025","30025","1","1,42"
"Appelmousseline bokaal 710gr EVD","540014135543754001414714035400141706048	540014170604810107","10107",",58",",82"
"Appelsap 10x20cl EVD","540014112396830116","30116","2,34","3,3"
"Appelsap 1L EVD","5400141124224540014161623130960","30960",",5",",71"
"Artisjok Bokaal 400g Boni","540014127897230026","30026","2,23","3,14"
"Augurken extra fijn 670gr Boni","54001413529935400141427028540014151227430822","30822","1,79","2,52"
"Augurken in azijn 330g Boni","540014129863531420","31420",",81","1,14"
"Augurken zoetzuur 670gr EVD","540014195079331546","31546",",72","1,02"
"Augurkenschijfjes Zoetzuur 670g Boni","540014129862830191","30191",",84","1,19"
"Axe Dark Temptation Deospray 200ml","872018102592130519","30519","4,65","5,58"
"Azijn 7° 1,5L EVD","5400141232578540014123257830163","30163",",4",",56"
"Babykoekjes Bio 180gr Boni","540014102897330169","30169","2","2,82"
"Bakpapier 38cmx20m BONI","540014138993730600","30600","3,39","4,79"
"Bakpoeder 5st Dr.Oetker","541023110340430477","30477",",79",",95"
"Bakvellen 16 42x38cm 2Stuks Toppits","400887120925231650","31650","5,5","6,6"
"Bakvellen 30st BONI","540014127474531522","31522","1,95","2,75"
"Balletjes 204g Boni veggie","540014147397131821","31821","1,28","1,81"
"Balletjes in Tomatensaus 200g Boni","540014189158432064","32064","1,83","2,58"
"Balletjes In Tomatensaus 400g Boni","540014124778730027","30027","1,94","2,74"
"Bami Goreng 750gr EVD","540014123462630087","30087","2,12","2,99"
"Barilla Linguine collezione 500g","807680952350930978","30978","2,42","3,42"
"Basilicum 18gr Boni","540014109755930299","30299",",68",",96"
"Basmatirijst 2kg Boni","540014120960030166","30166","3,04","4,3"
"BBQ Marshmellows 300g Mackay","8710497961822871049796184631968","31968","2,49","2,99"
"Beenham meesterlijk sn 300gr EVD","540014129893231779","31779","3,72","5,26"
"Beschuiten rond 125gr EVD","540014127212331589","31589",",38",",54"
"Bieslook 5g Boni","540014109796231396","31396",",47",",66"
"Bifi Original Family Pack 7x20g","425109741152131746","31746","3,39","4,07"
"Billendoekjes Sensitive 80st Boni","540014160488732041","32041",",85","1,2"
"Billendoekjes soft 80st BONI","54001419371145400141372908540014137233554001411938245400141193831540014155529530020","30020",",85","1,2"
"Bio Humus 200g Boni","540014150481132020","32020","2,37","3,35"
"Biscuits Melkchocolade 165g EVD","540014114393530374","30374",",73","1,03"
"Bleekwater 5L EVD","54001411624555400141360561540014147056730332","30332","1,19","1,68"
"Bloemkool in roosjes 1KG Boni","54001416883375400141276473540014151229832078","32078","1,01","1,43"
"Bloemsuiker 250gr Tiense","541025600334532024","32024",",79",",95"
"Bloemsuiker Molen 250g Tiense","541025600332130478","30478","1,69","2,03"
"Blokpaté 9 sneetjes 150g Boni","540014162453331503","31503","1,23","1,74"
"Blonde Linzen 400gr Boni","5400141800197540014180019730051","30051",",84","1,19"
"Boerinneke Puur 400gr","541114633424232195","32195","2,99","3,59"
"Bolognaisesaus 680g Boni","540014163675832030","32030","1,95","2,75"
"Bolognaisesaus 990gr EVD","5400141266825540014167239830171","30171","1,59","2,24"
"Bosvruchten (dv) 1kg Boni","5400141272796540014175908230989","30989","3,02","4,26"
"Bouillon groenten 12x10g EVD","540014184415331845","31845",",33",",47"
"Broccoli In Roosjes (diepvries) 1Kg Boni","5400141846614540014171111032002","32002","1,35","1,91"
"Bruggeman Instant Gist  5x11g","5406101930484","30484","1,89","2,27"
"Brugse Zot Sportzot 33cl Alcoholvrij Bier+0.1€ leeggoed","542501724168330430","30430","1,9","2,28"
"Bruine linzen","540014191368232021","32021",",8","1,13"
"Bruine stokbroodjes 1/2 600gr EVD","5400141962871540014144439131705","31705","1,86","2,63"
"Bruine Suiker Kandijsmaak 1kg Boni","540014138587830173","30173","2,54","3,59"
"Bruisend Water 1,5L EVD","540014112375330122","30122",",27",",38"
"Bruisend water 1L Boni","5400141420012540014157278030157","30157",",4",",56"
"Bruisend water 50cl EVD","31501","31501",",14",",2"
"Bubble fiesta aardbei 75cl Boni","540014138772831418","31418","1,74","2,46"
"Bubble fiesta appel 75cl Boni","540014138773531416","31416","1,62","2,28"
"Bugles Cheese Lays 160g","871039850740231839","31839","1,61","2,27"
"Bugles Paprika 125gr Lays","871039850240730554","30554","1,69","2,03"
"Cacaopoeder 500g Nesquick","761010008805631946","31946","1,99","2,39"
"Canderel Zoetstof 75g","764011070015030754","30754","3,55","4,26"
"Candico Rietsuiker Bio 1Kg ","541030163410430500","30500","5,79","6,95"
"Capellini 500g EVD","5400141043488540014177821230174","30174",",64",",9"
"Capri-Sun Safari Fruits limonade 10x20cl","400017715842531809","31809","4,5","5,4"
"Capri-Sun Sinaasappelsap 10x20cl","400017715822731808","31808","4,19","5,03"
"Carefree Feel flexiform 56st","357466148219431841","31841","3,95","5,58"
"Carefree plus large 64st","357466148763231793","31793","5,31","7,5"
"Carolin schuurzeep Oranjebloesem 1L","334602572300330698","30698","3,6","4,32"
"Carrés Confiture Boni 175g","5400141513042540014171112731935","31935","1,2","1,69"
"Cassonade 1kg Tiense Suiker","541025670000830505","30505","2,89","3,47"
"Cayennepeper 40g Boni","540014109794830300","30300",",57",",8"
"Cent Wafers 10x45gr Lu","541004108190930565","30565","5","6"
"Cereal Flakes Chocolade 475g Boni","5400141731927540014171182031982","31982","1,66","2,34"
"Champignon Gesneden 800g EVD","540014121646230030","30030","1,34","1,9"
"Champignonsaus zakje 220ml Boni","5400141391718540014194720530175","30175",",93","1,31"
"Chili Con Carne 425gr Boni","540014135545130031","30031","2,02","2,86"
"Chips Heinz Tomaten Ketchup XL 275g Lays","871039850047230555","30555","2,15","2,58"
"Chips naturel XL 275g Lays","871039850041031319","31319","1,88","2,26"
"Chips Paprika 200gr EVD","5400141190144540014167246630369","30369",",77","1,08"
"Chips Paprika Ribbels 200gr Boni","540014134242030370","30370",",88","1,24"
"Chips Pickels Ribbels 200g Boni","540014132378830371","30371",",98","1,38"
"Chips Ribble Peper&Zout 200g Boni","5400141323696540014193357431296","31296",",88","1,24"
"Chips Ribble Zout 200g Boni","540014130449710102","10102",",81","1,14"
"Chips Zout 200g EVD","5400141160550540014167245930372","30372",",74","1,04"
"Choco AS 250gr EVD","540014191238831859","31859","1,18","1,67"
"Choco Clams Boni 750gr","540014193775632133","32133","1,77","2,5"
"Choco Lolly Sint 10st Heinerle","400846803615532082","32082","1,29","1,55"
"Choco Quick Cacao 800G EVD","540014110817054001411081705400141247688	540014124768830139","30139","2,34","3,3"
"Chocolade extra puur 2*200gr Cote D'Or","762221010009231783","31783","4,99","5,99"
"Chocolade met hazelnoot EVD","32079","32079","0","0"
"Chocolade Puur 200g EVD","540014105185830378","30378",",66",",94"
"Chocolade Puur 2x200g Côte D'Or","762221010007831653","31653","3,89","4,67"
"Chocolade Wit 200g EVD","540014105189631056","31056","1","1,42"
"Chocolademelk 0,5L Chocovit","541245100003731945","31945","1,18","1,67"
"Chocomelk 1L EVD","5400141105001540014194628430793","30793",",84","1,19"
"Chocomelk Drink 6x20cl EVD","540014109658354001419665651540014151267730741","30741","1,35","1,91"
"Choconuts duo 400gr Boni","540014132200254001416050375400141991468540014148616230177","30177","1,12","1,58"
"Chorizo zacht sneden 150g Boni","5400141386929540014156101230592","30592","1,4","1,98"
"Citroensap 25cl EVD","5400141124163540014178664430985","30985",",31",",43"
"Coca Cola 1,5L","544900000043930434","30434","2,24","2,69"
"Coca Cola 1L","544900005422732150","32150","1,78","2,14"
"Coca Cola 2L","544900000028630712","30712","2,89","3,47"
"Coca Cola 50cl","5449147230731","30731","1,25","1,5"
"Coca Cola Zero 1L","544900013332832151","32151","1,83","2,2"
"Coca Cola Zero Sugar 2L","5449000134561544900013184331887","31887","2,49","2,99"
"Coca-Cola Zero 0,5L","544900013183630929","30929","1,29","1,55"
"Coca-Cola Zero 1,5L","544900013333531292","31292","2,23","2,68"
"Coca-Cola Zero 33cl","500011263874531499","31499",",68",",96"
"Cocktailsaus 500ml Boni","540014190273030180","30180","2,54","3,59"
"Cocktailworstjes 12st 200g EVD","5400141275988540014156671030032","30032",",77","1,08"
"Cola Light 1,5L EVD","540014110185030126","30126",",49",",7"
"Cola regular 1,5L EVD","540014108673730127","30127",",49",",7"
"Cola Regular 50cl EVD","540014127229130128","30128",",21",",3"
"Cola Zero 0,5L EVD","540014127242032179","32179",",21",",3"
"Cola Zero 1,5L EVD","540014137890030129","30129",",49",",7"
"Colgate Tandenborstel Triple Action 4st","871478973853630534","30534","2,99","3,59"
"Conditioner Zacht 200ml Boni","540014141510030268","30268",",85","1,2"
"Confituur 4 vruchten 50% 450gr Evd","5400141043389540014186668130159","30159","1,01","1,43"
"Confituur Aardbei 700gr EVD","5400141385083540014186669830160","30160","1,17","1,66"
"Confituur Abrikoos 50% 450gr EVD","5400141043372540014186670430161","30161","1,01","1,43"
"Confituur Framboos 61% 370g Boni","540014122922630187","30187","1,74","2,46"
"Cookies chocolade 12st 225gr Boni","540014160377431836","31836",",76","1,07"
"Cordon-Bleu Kip Kalkoen (dv) 500g EVD","540014113072031324","31324","3,39","4,79"
"Corned Beef 340g Target ","541091103340330963","30963","5,35","6,42"
"Cornflakes 750gr EVD","540014185056732188","32188","1,15","1,62"
"Cosynel WC-Papier Jumbo Pack 18rol","800426023094032037","32037","11","13,2"
"Cote D'or Melkchocolade 2x200g ","762221010006130564","30564","2,7","3,24"
"Couscous 1 Kg Boni","54001412433075400141928334540014152293830181","30181","1,95","2,75"
"Crackers meerzaden 315gr BONI","540014146703131817","31817","2,2","3,11"
"Crèmepaté 170g EVD","5400141343403540014127580331504","31504","1,4","1,98"
"Crispy Balls BBQ-Chili 200gr Boni","540014120891731023","31023","2,35","3,31"
"Croky Paprikachips 200g","541435992201530558","30558","1,7","2,04"
"Crunchy muesli met chocolade 750g Boni","540014168046130182","30182","2,11","2,98"
"Curry 40g Boni","5400141097474540014176453630305","30305",",59",",83"
"Currysaus zakje 220ml Boni","5400141391664540014194719930183","30183",",93","1,31"
"Deo Nivea Men Dry/Sensitive 150ml","400590045756131990","31990","3,59","4,31"
"Deospray women 200ml Boni","540014108453554001413630505400141412369540014123301830270","30270","1,32","1,86"
"Diepvrieszakken 3L 75st EVD","540014121741430596","30596","1,44","2,03"
"Diepvrieszakken 50x 6L EVD","540014116246211247","11247","2,97","4,19"
"Diepvrieszakken 75x 1L EVD","540014116154031483","31483","1,69","2,39"
"Dinosaurus Chocolade 4st 225gr Lotus","541012600400730924","30924","1,75","2,1"
"Dinosaurus Melkchocolade 4st 225g","541012600410631069","31069","1,75","2,1"
"Dinosauruskoeken chocolade 4st 171g Lotus","541012684405431920","31920","1,99","2,39"
"Doperwten Extra Fijn (dv) 1,5kg Boni","5400141272857540014155340630790","30790","3,39","4,79"
"Doperwten Extra fijn 340gr Boni","540014134084630033","30033",",84","1,19"
"Doperwten Extra Fijn 800gr EVD","540014129441511230","11230","1,04","1,46"
"Doperwten met jonge wortelen 400g EVD","540014129500931951","31951","1,1","1,55"
"Doperwten met jonge wortelen 800g EVD","540014130353732058","32058",",94","1,33"
"Doritos Nacho Cheese 180gr","87103986015828710398523778871039816198730556","30556","1,59","1,91"
"Douchegel Marine 300ml EVD","54001412631765400141190076540014171011330274","30274",",67",",95"
"Douchegel Passiebloem/Shea Butter 500ml Boni","54001414137555400141413793540014178868630273","30273","1,4","1,98"
"Douchegel zero gevoelige huid 500ml SANEX","871895132208031453","31453","4,65","5,58"
"Dreft Caps care 4 42st","871955880523530710","30710","22,95","27,54"
"Drinkyoghurt Aardbei 850gr EVD","540014118781631677","31677","1,02","1,44"
"Droge Worst 200g EVD","540014119117230988","30988","2,12","2,99"
"Droge worsten 5st 275gr EVD","540014156455631782","31782","2,54","3,59"
"Duyvis Crac A Nut Cocktail 200g","871039801158930561","30561","1,99","2,39"
"Duyvis Crac a Nut Paprika 200g","871039801154130562","30562","1,89","2,27"
"Dweil 60x70cm 5st EVD","540014125694930340","30340","3,66","5,17"
"Earl Grey 25st Boni","5400141394337540014139951630133","30133",",59",",83"
"Ecover Wasmiddel Universeel 1,43L 28d","54125334198015412533419825541253342485030550","30550","10,99","13,19"
"Elmex Kindertandpasta 2-6j 50ml","871895138355532072","32072","3,39","4,07"
"Fanta Orange 1,5L","544900005292631751","31751","1,87","2,24"
"Fanta Orange 33cl","500011263878331753","31753",",8",",96"
"Fanta Zero 1,5L","544900013802632189","32189","2,07","2,48"
"Farfalle 500g Boni","540014128543730186","30186",",85","1,2"
"Feta 200g Pindos","520482400106831516","31516","2,49","2,99"
"Fishsticks 15st EVD","5400141213645540014168660930088","30088","1,69","2,39"
"Frangipanes 3st EVD","5400141230161540014147604030379","30379",",65",",92"
"Frankfurterworsten 5st 380g EVD","5400141167924540014157339830035","30035","1,23","1,74"
"Franse Emmental Geraspt 200g Boni","540014144052231260","31260","1,69","2,39"
"Frieten 1Kg Boni","54001412377025400141602005540014144402530089","30089",",84","1,19"
"Frieten 2Kg Boni","540014135402731849","31849","2,71","3,83"
"Frikandel 20x70g EVD","540014118637631774","31774","2,29","3,23"
"Friskies Kip&Kalkoen Kattenbrokken 2kg","761303418305732159","32159","6,45","7,74"
"Fristi rood fruit 200ml","541415021526232069","32069","1,79","2,15"
"Frituurolie 2L BONI","540014163639031443","31443","3,39","4,79"
"Frituurolie 2L EVD","540014134518630188","30188","3,65","5,15"
"Fruitcocktail light 200gr Boni","5400141410303540014128141530818","30818","1,15","1,38"
"Fruitcocktail op lichte siroop 200g Boni","5400141208238540014157036630995","30995",",78","1,1"
"Fruitcocktail siroop 820gr EVD","54001413648735400141168686540014140204930037","30037","1,4","1,98"
"Gazpacho Original 1L Alvaile","842217401002931683","31683","3,01","3,61"
"Gedemineraliseerd Water 5L EVD","540014147973731346","31346","1,02","1,44"
"Gegrilde paprika's 670gr Boni","540014142284930040","30040","1,69","2,39"
"Geitenkaas zacht 150g Boni","540014114413031031","31031","1,4","1,98"
"Gekookte Schouderham 300gr EVD","5400141559507540014136458330742","30742","2,12","2,99"
"Gele Curry 100g Boni","5400141323610540014179217130189","30189","1,23","1,74"
"Gelei aalbessen 61% 370gr Boni","540014197475131819","31819","1,45","2,05"
"Gerookte Atlantische Zalm 200g EVD","54001411012325400141895599540014160940030781","30781","4,24","5,99"
"Gerookte Spekblokjes 250g EVD","5400141951172540014153392730591","30591","1,68","2,38"
"Gevulde koeken chocolade 500g EVD","540014176046011215","11215",",94","1,32"
"Gist Instant Bruggeman 125 gram","5406104032027","32027","1,65","1,98"
"Graanreep Appel-rozijn-hazelnoot 90g Boni","540014171858431642","31642","1,52","2,15"
"Gran Baron Alcoholvrije Cava 75cl","841321610190432199","32199","4,99","5,99"
"Granola Kokosnoot Glutenvrij 340g ","540014171261230192","30192","3,56","5,03"
"Granola Noten en Honing 750gr Boni","32185","32185","3,04","4,3"
"Grany Koeken Appel-Granen 171g LU","541004133720430982","30982","2,95","3,54"
"Grany Koeken Granen 171g LU ","541004119650430981","30981","2,19","2,63"
"Green Tea 33cl Boni","540014130282031012","31012",",38",",54"
"Green tea Bright citrus 100st LIPTON","32008","32008","9,5","11,4"
"Grenadine 0% suiker 75cl Boni","540014129079032207","32207","2,54","3,59"
"Grenadine 75cl BONI","540014129071431425","31425","1,91","2,7"
"Griekse Pasta 500g Boni","5400141301571540014192689730193","30193","1,15","1,62"
"Grissini Rozemarijn 100g Boni","54001413670105400141367010540014157032830194","30194","1,01","1,43"
"Groeimelk 1L (1-3J) Boni","540014128583330010","30010","1,06","1,5"
"Groene Olijven met Kaas 200g EVD","540014149044231509","31509","2,03","2,87"
"Groene Pesto 190gr Boni","540014156482230196","30196",",93","1,31"
"Groenepepersaus zakje 220ml Boni","5400141391725540014195593430195","30195",",93","1,31"
"Groenten Macédoine 200g Boni","540014127854532017","32017",",52",",73"
"Groenten Macedoine blik 400gr Boni","540014198200831842","31842",",76","1,07"
"Groentenbouillon 16st Finesse Knorr","871060472219331652","31652","2,19","2,63"
"Guimauves Pasen 200g Boni","54001418365615400141836554540014183656131928","31928",",84","1,19"
"Haarlak Kleurbescherming 400ml ELNETT l'Oreal","360052379304431026","31026","6,19","7,43"
"Haarlak normale fixatie 400mk Elnett","360052379307531813","31813","5","6"
"Haarlak sterke fixatie 400ml Elnett","360052379305131812","31812","7,18","8,62"
"Hagelslag Melk 600g Boni","5400141321821540014150969430198","30198","1,69","2,39"
"Hagelslag puur 600g Boni","5400141333343540014176452931047","31047","1,69","2,39"
"Halfvolle Melk 0,5L Boni","540014126951232135","32135",",6",",84"
"Halfvolle Melk 1L Boni","540014126953630405","30405",",92","1,3"
"Halfvolle Melk 1L EVD","5400141404586540014116788754001414046305400141364934540014143358630406","30406",",71","1"
"Halfvolle Melk BIO 1L Boni","540014135435532139","32139","1,1","1,55"
"Halve Peren op Sap 411gr Boni","5400141281408540014159820930057","30057","1,27","1,79"
"Halve Peren Op Siroop 820g EVD","540014120913632000","32000","1,4","1,98"
"Halve Perzik Op Siroop 820g EVD","54001413341665400141353327540014143024054001410583905400141113921540014107528130044","30044","1,32","1,86"
"Handzeep 500ml EVD","5400141293944540014178872330762","30762",",51",",72"
"Handzeep sinaas/lavendel 500ml BONI","540014123229511203","11203",",84","1,19"
"Handzeep Sinaas/Perzik 500ml Boni","540014141125630804","30804",",84","1,19"
"Haverdrink 1L Boni","540014130183030136","30136","1,27","1,79"
"Haverdrink ongezoet 1L Boni","5400141760576540014145225931277","31277","1,27","1,79"
"Havermout 500g EVD","5400141235098540014144551030211","30211",",42",",59"
"Havermout Quaker 800g","871010042658830487","30487","2,65","3,18"
"Hazelnootpasta 750gr EVD","54001410368495400141550603540014197791211209","11209","1,69","2,39"
"Heinz Curryketchup 590ml","871570041959630483","30483","3,59","4,31"
"Heinz Tomato Ketchup 500ml","8715723931306","31306","2,99","3,59"
"Hele Kippenbouten 2kg EVD","540014143135331641","31641","6,16","8,7"
"Hond Krokantjes 5kg EVD","5400141350708540014172821730106","30106","5,94","8,39"
"Hond Stukjes Gevogelte 1240g EVD","5400141163384540014116336030111","30111","1,1","1,55"
"Hond stukjes rund 1240g EVD","540014116337731792","31792","1,1","1,55"
"Hond Terrine Gevogelte-Groenten 400g Boni","540014133836231781","31781",",88","1,24"
"Hond Terrine rund-groenten 400g Boni","540014129061530113","30113","1,1","1,55"
"Hondenbrok rund-groenten adult 4kg Boni","5400141352245540014147723830099","30099","5,77","8,15"
"Honey Bubbles 500g Boni","5400141279955540014180086930199","30199","1,07","1,51"
"Honing 700gr Meli","541003810125230488","30488","8,24","9,89"
"Hoorntjes Vanille-ijs 8st EVD","5400141236057540014151110930996","30996","1,18","1,67"
"Hot Cheese Dip 315g Boni","5400141323016540014150662430761","30761","1,15","1,62"
"Hot Dip 300gr Boni","54001413115015400141698756540014160874830381","30381","1,15","1,62"
"Houtskool 6kg Boni","5400141400403540014155550931000","31000","9,34","13,19"
"Huishoudrol 4r EVD","540014137219954001415981935400141598193540014153619530333","30333","2,71","3,83"
"Ice Tea Lemon 1,5L Boni","5400141295146540014181925030137","30137",",76","1,07"
"Iced Coffee Cappucino 33cl Boni","54001411037485400141293517540014170979730973","30973",",85","1,2"
"Iced Coffee caramel latte 33cl Boni","5400141464405540014170097831858","31858",",77","1,09"
"Iced Coffee Espresso 33cl Boni","54001411849835400141293531540014169863331594","31594",",85","1,2"
"Iced Coffee Latte Machiato 33cl Boni","54001411037555400141293524540014170093031001","31001",",85","1,2"
"Iced Tea Peach 1,5L Boni","5400141295122540014181924331011","31011",",72","1,02"
"Iijsjes Amandel 6st Boni","540014158278932191","32191","1,69","2,39"
"Ijs Vanillesmaak 2,5L EVD","540014116511130090","30090","2,22","3,13"
"Ijsblokzakjes 10x24 Boni","540014124436631976","31976",",84","1,19"
"Ijsboerke Vanille Roomijs 2,5L","541212100011430428","30428","11,22","13,46"
"Ijsje Los ","31633","31633",",85","1,2"
"Ijsjes Classic 6st Boni","540014158281932192","32192","1,36","1,92"
"Ijsjes Witte Chocolade 6st EVD","540014141524730728","30728","1,78","2,51"
"Imperial Pudding Poeder Vanille 1KG","541005601075831949","31949","6,35","7,62"
"Imperial Pudding poeder vanille 7x50g","541497210547531314","31314","1,79","2,15"
"Inco pants unisex l-xl boni","540014169626432042","32042","5,14","7,26"
"Inco pants unisex s-m boni","540014169628832043","32043","4,55","6,42"
"Incontinentie Verband Extra 12x Boni","540014195140031698","31698","1,82","2,57"
"Inex Yoghurt Aardbei 4x125g","5402556130774","30774","2,3","2,76"
"Inex Yoghurt Framboos 4x125g","5402527130772","30772","1,99","2,39"
"Inlegkruis Normaal 60 st Boni","540014192526531773","31773","1,12","1,58"
"Italiaanse Schotel 400g EVD","5400141369915540014191975230047","30047","1,18","1,67"
"JP Chenet Chardonnay Alcoholvrij 75cl","350061012924732197","32197","5,89","7,07"
"Kaaskroketten (dv) 12st EVD","540014184073531323","31323","1,7","2,4"
"Kabeljauwhaasjes 2st 250g EVD","540014101268231647","31647","4,24","5,99"
"Kamillethee 25st Boni","5400141393040540014139715430140","30140","1,15","1,62"
"Kandijsiroop 400gr Candico","541025605111731024","31024","2,5","3"
"Kaneel 40g Boni","540014109790030304","30304",",45",",64"
"Kappertjes azijn 100g Boni","540014135300630202","30202",",76","1,07"
"Kat Brokjes In Gelei Kabeljauw/Sardienen 400g Boni","540014158325031717","31717",",96","1,36"
"Kat jelly duo kip-eend-groenten 400gr BONI","540014160537231835","31835",",81","1,14"
"Kat krokantjes Rund 4 kg EVD","540014153396532065","32065","3,98","4,78"
"Kat krokantjes rund-vis 2kg EVD","5400141338836540014186654430100","30100","1,69","2,39"
"Kat Stukjes Gevogelte 415gr EVD","540014125510230110","30110",",42",",59"
"Kat Stukjes Rund 415g EVD","540014125509630107","30107",",42",",59"
"Kat Terrine duo Zalm-Forel 400gr Boni","5400141705188540014158329831078","31078",",96","1,36"
"Kat terrine Zalm-Kabeljauw 100g Boni","540014134085330974","30974",",33",",47"
"Katten Brokjes Sterile Gevogelte 1kg","540014195068732026","32026","2,55","3,6"
"Kattenbakvulling 5kg EVD","540014162525730104","30104","1,42","2"
"Kattenbakvulling hygiëne 11,5L CATSAN","400842908123131696","31696","8,6","10,32"
"Kattenbakvulling Hygiene+ 10L Boni","540014105515330102","30102","5,94","8,39"
"Kattenvoeding Terrine Konijn&Eend 400g Boni","540014158324331673","31673",",94","1,32"
"Kauwgom Peppermint 36st Smart","540026500768730382","30382","1,1","1,32"
"Kauwgom Spearmint 40g Smart","540026500767032130","32130","1,1","1,55"
"Kellogg Smacks 600g","505008348390530502","30502","4,2","5,04"
"Kellogg Special K Original 750g","541178900188430503","30503","5,99","7,19"
"Kellogg's Variety minipacks 8st ","315947000534731025","31025","3,99","4,79"
"Ketchup 1Kg EVD","5400141343489540014166010411189","11189","1,1","1,55"
"Ketjap Sesam Woksaus 200ml Boni","5400141290509540014163578230203","30203","2,16","3,05"
"Keukenzout fijn 1 Kg EVD","540014144136910247","10247",",25",",35"
"Kikkererwten 200g Boni","540014130684230048","30048",",37",",52"
"King Pepermunt 4x44g","8714675231297","31297","1,59","1,91"
"Kip Curry salade 250gr EVD","31328","31328","1,11","1,57"
"Kipfilet sneetjes 200g EVD","5400141323986540014180091330587","30587","1,23","1,74"
"Kipkruiden 170gr EVD","540014115977630306","30306","1,61","2,27"
"Kippenbouillon EVD","540014158837831876","31876",",33",",47"
"Kippenburgers 12st EVD","540014130214130969","30969","1,95","2,75"
"Kippenfilets (dv) 1Kg EVD","54001414317735400141734157540014166501731064","31064","7,39","10,43"
"Knorr Julienne Tomaat-Groenten met Balletjes 1L","871256619167332014","32014","3,99","4,79"
"Knorr Kervel met Balletjes 1L","871090895423831937","31937","3,6","4,32"
"Knorr Kippensoep 515ml","872270008336831996","31996","2,15","2,58"
"Knorr Mélange Spaghetti zakje 66g","871811489829231384","31384","1,79","2,15"
"Knorr Mélange Stoofvlees zakje 62g","871256605814331383","31383","1,65","1,98"
"Knorr Soep Classics 8gr bal. brik 1L","871256622554531590","31590","4,19","5,03"
"Knorr Soep Courgette&Prei 500ml","871256622262932028","32028","2,99","3,59"
"Knorr soep tom. groenten balletjes 515ml","871052261703831533","31533","1,5","1,8"
"Knorr Tomaten Suprême 500ml","871256638967432025","32025","3,09","3,71"
"Koeken bokkenpootjes 150gr Boni","540014179677331825","31825","1,15","1,62"
"Koffie cups Lungo Boni","540014142108831057","31057","2,37","3,35"
"Koffie Dessert Gemalen 500gr Douwe Egberts","541013800221330441","30441","7,55","9,06"
"Koffie Gemalen Deca 250gr Douwe Egberts","541013804922530436","30436","4,59","5,51"
"Koffie gemalen Deca 500g EVD","540014129981630131","30131","2,71","3,83"
"Koffie Gemalen Dessert 500g EVD","540014129984730132","30132","2,88","4,07"
"Koffie Gemalen Moka 500gr EVD","5400141223835540014129982330143","30143","3,39","4,79"
"Koffiefilters nr 4 100st Graindor","540014114474131857","31857",",59",",71"
"Koffiefilters Nr4  100st EVD","540014126145530142","30142",",41",",58"
"Koffiepads Deca 32st Douwe Egberts","541013804433630435","30435","4,89","5,87"
"Koffiepads Deca 36st EVD","540014126159230130","30130","1,86","2,63"
"Koffiepads Dessert 32st Douwe Egberts","541013804445930437","30437","4,39","5,27"
"Koffiepads Moka 36st EVD","540014140369531038","31038","2,29","3,23"
"Koffiepads Regular 36st EVD","540014126154730147","30147","1,62","2,28"
"Koffiepads Regular 36st Graindor","540014103467732137","32137","2,69","3,23"
"Koffiepads Strong 36st EVD","540014126158530759","30759","2,29","3,23"
"Koffiepads Strong 36st Graindor","540014103469132136","32136","2,89","3,47"
"Koffieroom cups 20x10g EVD","540014116790031588","31588",",67",",95"
"Kokosmelk 400ml Boni","540014104630454001414205245400141994650540014171059530050","30050",",81","1,14"
"Komijn 35g Boni","5400141126235540014164093930301","30301","1,56","2,2"
"Koriander 40g Boni","540014138336230302","30302","1,75","2,47"
"Krieken ontpit lichte siroop 340gr Boni","5400141270730540014191455930028","30028","1,18","1,67"
"Kristalsuiker fijn 1kg EVD","540014105928154001412133175400141036855540014113067630206","30206",",76","1,07"
"Kroepoek 100g Boni","540014131124231077","31077",",84","1,19"
"La Trappe Nillis Alcoholvrij 33cl  + €0,1 Leeggoed","871140634453832198","32198","1,57","1,88"
"La Vache Qui Rit smeltkaas 12st  ","307378114983830770","30770","2,23","2,68"
"Lacroix Fond Gevogelte 400ml","400906280002931316","31316","3,91","4,69"
"Lacroix Fond Rund 400ml","400906280039531315","31315","4,89","5,87"
"Lacroix Fond Vis 400ml","400906280020331317","31317","3,79","4,55"
"Lasagne bolognese 20% vlees 400gr Boni","5400141421910540014172616931289","31289","2,12","2,99"
"Lasagne Verde 400g Boni","540014142019732040","32040","1,27","1,79"
"Lasagnebladen 500g Boni","5400141507072540014143379130207","30207","1,69","2,39"
"Laurier Zakje 20g Boni","540014109941630319","30319","1,53","2,16"
"Liebig Kervelsoep met balletjes 1L","5410056188044541005618804431055","31055","3,69","4,43"
"Liebig Tomaat met Balletjes 1L","541005618805132045","32045","3,19","3,83"
"Liebig Wortel Pompoen Met Balletjes 1L","541005619338332062","32062","3,25","3,9"
"Limonade Citroen 1,5L EVD","540014108683630124","30124",",55",",78"
"Limonade Orange 1,5L EVD","540014108691130702","30702",",64",",9"
"Limonade Orange 50cl EVD","540014108668331630","31630",",26",",37"
"Lipton Ice Tea 12x15cl","871120038369632200","32200","8,28","9,94"
"Lipton Ice Tea 33cl","871132757455732190","32190",",7",",84"
"Loda Sodakristallen 2kg","541116111124832073","32073","2,99","3,59"
"Longkorrelrijst 2Kg EVD","540014107029330223","30223","1,51","2,14"
"Lookpoeder 60g Boni","5400141126297540014193703930308","30308",",58",",82"
"Lotus Speculoos Sint 6st","541012600652032081","32081","1,19","1,43"
"Luchtverfrisser Assortiment 240ml Boni","54001410555425400141862355540014186234830335","30335",",95","1,14"
"Luchtverfrisser Bloementuin/Zeebries 400 ml EVD","5400141716054540014171604732063","32063",",81","1,14"
"Luier 3 Midi 4-9kg 78st Boni","54001419642335400141310856540014196423330011","30011","7,04","9,94"
"Luierbroek 5 12-17kg 24st Boni","54001419653775400141844160540014150610530017","30017","5,08","7,18"
"Luierbroekjes 4  9-15kg 26st Boni","54001413231605400141964479540014184418430018","30018","4,71","6,65"
"Luierbroekjes 6XL 14-19kg 22st Boni","540014152202032183","32183","4,89","6,9"
"Luiers 1 Newborn 2-5kg 34st Boni","540014153397232184","32184","3,83","5,4"
"Luiers 2 Mini 3-6kg  58st Boni","5400141310979540014196347230014","30014","6,66","9,41"
"Luiers 3 Midi 4-9 kg 78 st Boni","540014153575432044","32044","7,04","9,94"
"Luiers 4 maxi 7-14kg 74 st. Boni","540014153576130958","30958","7,61","10,74"
"Luiers 4+ Maxi+ 8-15kg 68st Boni","54001413230475400141964936540014153578531295","31295","10,68","15,08"
"Luiers 5 junior 11-25kg 54st Boni","5400141964257540014132314630019","30019","6,57","9,28"
"Luiers 5+ 13-27kg 50st Boni","540014196370031950","31950","11,71","16,54"
"Luiers 6 XL 13-56kg 56st Boni","5400141964530540014153580830013","30013","9,5","13,42"
"Luiers junior 5 11-16 kg 64st Boni","540014153579232132","32132","7,97","11,26"
"Luikse Wafels 10st EVD","540014128188030385","30385","1,1","1,55"
"Luikse wafels cacao 10st 600gr EVD","540014128190330377","30377","1,71","2,41"
"Maandverband Maxi Normaal 28st Boni","540014179292831754","31754","1,53","2,16"
"Maandverband Maxi Normal 28st EVD","5400141342550540014159011130297","30297",",59",",83"
"Madeleines 12st EVD","540014121587830792","30792","1,52","2,15"
"Madeleines 250gr Boni","5400141138788540014188099130386","30386","1,24","1,75"
"Maïs 330g Boni","540014109635411207","11207",",76","1,07"
"Maïs blik 330g EVD","5400141096231540014199500830052","30052",",67",",95"
"Maizena Bindmiddel 400g","8712100338694871110008006030490","30490","2,59","3,11"
"Makreelfilet In Olijfolie Msc125 Boni","5400141250411540014152834330054","30054","1,4","1,98"
"Makreelfilet In Tomatensaus 125gr EVD","540014138763630053","30053",",83","1,18"
"Makreelfilets in koolzaadolie 125g EVD","5400141387612540014152835010167","10167","1,01","1,43"
"Manna Bolognaisesaus 720g","541272330028530501","30501","3,69","4,43"
"Margarine bakken en braden 500gr EVD","540014110366331538","31538",",81","1,14"
"Margarine bakken&braden vlb. 500ml Boni","540014138693630932","30932","1,24","1,75"
"Margarine Light 25%vg 250gr Boni","540014123921830923","30923",",67",",95"
"Margarine smeren Omega 3 500gr Boni","5400141265316540014162408331463","31463","1,28","1,8"
"Marguerites 450g Boni","5400141891690540014151179631053","31053","3,18","4,49"
"Materne Aardbeienconfituur 720g","541004600127830475","30475","4,06","4,87"
"Materne Abrikozenconfituur 720gr","541004600125430476","30476","5,58","6,7"
"Materne Confituur kersen 720g","541004600126130950","30950","7,18","8,62"
"Mayonaise citroen 500ml culino","400141554519540014155451931987","31987","1,06","1,5"
"Mayonaise Citroen 500ml EVD","540014111302054001411130205400141799675540014179967530208","30208","1,06","1,5"
"Mayonaise citroen 550ml Devos Lemmens","541005618125030491","30491","2,19","2,63"
"Mayonaise Ei 500ml EVD","054001411130375400141113037540014185129830209","30209",",98","1,38"
"Mayonaise Ei 550ml Devos Lemmens","541005618124330492","30492","2,19","2,63"
"Mayonaise eieren 500ml culino","400141554502540014155450231986","31986",",98","1,38"
"Meergranenstokbrood 2st 250g Boni","540014133243831572","31572","1,27","1,79"
"Melk Mager 1L EVD","540014140468530407","30407",",72","1,02"
"Melkchocolade 200gr EVD","540014105187230387","30387",",83","1,18"
"Melkchocolade Hazelnoot 200g EVD","540014103753130388","30388","1,02","1,44"
"Melkerijboter Gezouten 250gr Boni","54001412670205400141955903540014175791030713","30713","1,69","2,39"
"Melkerijboter Ongezouten 250gr Boni","5400141267143540014181969430714","30714","1,69","2,39"
"Micellair Water 3in1 400ml Boni","540014124479330783","30783","2,13","3"
"Microvezeldweilen 2st Boni","540014134532232035","32035","3,73","5,27"
"Mini crackers naturel 250gr LU","762221047515231850","31850","1,59","1,91"
"Mini Salami 5st Boni","540014128156930210","30210","1,86","2,63"
"Mini Vanille Ijsjes 12st  EVD","5400141415254540014150972430092","30092","1,64","2,32"
"Mosterd Dijon 280g Boni","540014189517930212","30212","2,13","3"
"Mosterd Ferdinand Tierenteyn Stropkes  200g","541082300012830760","30760","1,39","1,67"
"Mozarella 200g EVD","540014103648031921","31921",",75",",9"
"Muesli 45% Fruit/noot/zaad 750g Boni","5400141279931540014157031130214","30214","2,86","4,03"
"Muesli Fruit&Zaden 1Kg EVD","5400141091861540014166013530213","30213","1,69","2,39"
"Mueslireep Chocolade 8st Boni","540014169025554001412796655400141407471540014150604430215","30215","1,56","2,2"
"Mueslireep Hazelnoot 150gr Boni","5400141690163540014150605130216","30216","1,28","1,81"
"Naanbrood look en koriander 240g Boni","540014134291830217","30217","1,66","2,34"
"Napoleon Fruitmix/Citroen 340g ","8717399041744871739904172031310","31310","2,25","2,7"
"Nasi Goreng 750gr EVD","540014136381430093","30093","1,83","2,58"
"Nic-Nac 500g Boni","5400141310955540014155059731321","31321",",76","1,07"
"Nic-Nac Suiker 500g Boni","5400141306774540014156490731320","31320","2,08","2,94"
"Nivea Men Deo Cool/Sport/Dry 150ml","40059004576604005900457509400600004963230518","30518","3,89","4,67"
"Nivea Men Deoroller Dry 50ml","4234508430524","30524","2,6","3,12"
"Noordkrieken op Siroop Ontpit 700gr Boni","540014160496232172","32172","1,18","1,67"
"Nootmuskaat 100g EVD","540014105818530309","30309",",94","1,32"
"Notenmengeling 300g EVD","5400141354874540014155039931412","31412","2,53","3,58"
"Nuggets 200g Boni Veggie","540014134409754001414876335400141512960540014158512430971","30971","1,37","1,93"
"Nutella 700gr","8089523732085","32085","4,93","5,92"
"Nutella Family Pack 1kg","800050008237931401","31401","4,95","5,94"
"Olijf Groen Ontpit 335g Boni","5400141999891540014150489730218","30218",",57",",8"
"Olijf Zwart Ontpit 400g Boni","540014135296230219","30219",",93","1,31"
"Olijfolie b&b 1L EVD","540014134200031478","31478","4,84","6,83"
"Olijfolie Basilicum 25cl BONI","540014138609731021","31021","4,04","5,7"
"Olijfolie Chili 25cl BONI","540014138600431022","31022","3,99","5,63"
"Olijfolie extra vierge 1L EVD","5400141274325540014120863454001413589335400141274325540014119236030220","30220","4,24","5,99"
"Olijfolie Extra Virgin 1L Boni","540014119239130221","30221","8,42","11,88"
"OLVARIT BIO zoete aardappel broccoli/pastinaak 4m 2*125gr","5900852043512590085204350531871","31871","3,65","4,38"
"OLVARIT Courgette vis rijst 8m+ 2x200gr","590085203369831872","31872","2,38","2,86"
"Olvarit Pasta Bolognaise +18m","590085292813031999","31999","3,84","4,61"
"OLVARIT Pompoen Wortel Kip 6m+","590085292810932194","32194","2,78","3,34"
"OLVARIT Wortel kip aardappel 8m+ 2*200gr ","590085292807931873","31873","2,19","2,63"
"Ontbijtkoekjes met chocolade Boni","5400141330755540014167874131933","31933","2","2,82"
"Ontkalker Spray 750ml Boni","540014116110630337","30337","1,27","1,79"
"Ontstopper 2L Boni","5400141160598540014145161030338","30338","4,23","5,98"
"Oploskoffie dess. glas 200g Nescafé gold","761303300693731695","31695","5,94","8,39"
"Oploskoffie Gold 100gr EVD","540014119422730144","30144","1,83","2,58"
"Oregano 12gr Boni","540014109803730310","30310",",51",",72"
"Oreo original 2x154gr","762230031526930953","30953","1,98","2,38"
"Original 330gr Philadelphia","762221095544931816","31816","2,95","3,54"
"Ovenfriet airfryer 1kg Boni","5400141637489540014195868331415","31415","1,73","2,45"
"Paaseieren Melkchocolade 250g SUPERCHOC","541190105901431550","31550","1,69","2,03"
"Paaseieren Pure Chocolade 250g SUPERCHOC","541190105921231551","31551","1,69","2,03"
"Paaseieren Witte Chocolade 250g SUPERCHOC","541190105911331549","31549","1,59","1,91"
"Paaseitjes Crispy Praliné 250gr Boni","540014134535332174","32174","2,54","3,59"
"Paaseitjes Melkchocolade 250gr Boni","540014198906932176","32176","1,69","2,39"
"Paaseitjes Mix 1Kg Boni","540014198908332177","32177","4,67","6,59"
"Paaseitjes mix 500g Boni","540014133340431547","31547","2,97","4,19"
"Paaseitjes Praliné 200g Boni","5400141115574540014133338131548","31548","1,69","2,39"
"Paaseitjes Wit 250gr Boni","540014197794332175","32175","1,68","2,38"
"Pads Deca UTZ 36st 252g Graindor","540014103466031885","31885","2,99","3,59"
"Paella Royale 1,5Kg EVD","5400141387056540014191029232003","32003","4,42","6,24"
"Pamesello Geraspte Kaas 100gr","400235967104332039","32039","3,72","4,46"
"Paneermeel 400g EVD","540014118404430222","30222",",5",",71"
"Pannenkoekenmix 400g Boni","5400141344936540014179852430752","30752",",59",",83"
"Paprika Nuts 200gr EVD","540014105210730390","30390",",85","1,2"
"Paprikakruiden 50g Boni","540014109896930311","30311",",73","1,03"
"paprikapoeder bio (50g) BONI","540014136820811399","11399","1,44","2,03"
"Parijse champignons gesn 290g EVD","540014121647911401","11401",",6",",84"
"Parijse champignons heel 390gr EVD","5400141166569540014121645530046","30046",",76","1,07"
"Parijse Gommen 500g EVD","540014175792731037","31037","1,61","2,27"
"Passata brik 500g EVD","54001412067775400141313956540014183975330055","30055",",47",",66"
"Passata gezeefd brik 500gr Boni","540014140965980014401226068001440124310540014135821610976","10976",",42",",59"
"Passata rustica glas 690g Boni","5400141247855540014151603631489","31489","1,27","1,79"
"Passsata basilic glas 690g Boni","5400141247800540014151602931481","31481","1,28","1,8"
"Pasta bolognaise 8m+ 2*200gr OLVARIT","590085292814731870","31870","1,98","2,38"
"Pasta Collezione Orechiete Barilla 500g","807680951997730496","30496","2,89","3,47"
"Patisserie Bloem 1Kg Boni","5400141604726540014166043230225","30225",",76","1,07"
"Penne met champignonsaus 400g Boni","540014141503231536","31536","1,95","2,75"
"Penne rigate 500g Boni","5400141346503540014171903130226","30226",",67",",95"
"Peper Wit Gemalen 100g EVD","5400141099409540014109897630312","30312","1,02","1,44"
"Peperkoek 500gr EVD","5400141104417540014104330330227","30227","1,15","1,62"
"Pesto alla Siciliana Boni 190gr","540014139129931638","31638","1,18","1,67"
"Peterselie Bio 8g","540014136821530948","30948",",94","1,32"
"Petit Beurre 2x200g EVD","5400141286168540014128616830392","30392","1,1","1,55"
"Peulbonen extra fijn blik 400g Boni","540014127847731993","31993",",5",",71"
"Pick Up 10st","4017100270611401710026659130952","30952","3,45","4,14"
"Pijnboompitten 200gr EVD","5400141424515540014175021831061","31061","4,97","7,02"
"Pilchards in tomatensaus 385gr Boni","540014128237532053","32053","1,61","2,27"
"Pili Pili 40g Boni","540014109792430314","30314",",84","1,19"
"Pinda's geroosterd -gezouten 250g EVD","540014161420631755","31755",",49",",7"
"Pinda's geroosterd en gezouten 500g Boni","540014131134130391","30391","1,31","1,85"
"Pinda's Geroosterd EVD 500gr","540014172833031576","31576","1,69","2,39"
"Pindakaas 90% 350gr Boni","5400141331783540014146962230229","30229","1,24","1,75"
"Pindakaas Crunchy 350gr Boni","540014145160332181","32181","2,21","3,12"
"Pizza Hawai Dr.Oetker","400172403908231925","31925","2,69","3,23"
"Pizza Mozzarella Dr.Oetker","400172403911231824","31824","2,79","3,35"
"Pizza Prosciutto 2st Boni","540014123901030095","30095","2,98","4,2"
"Pizza Prosciutto 340g Dr Oetker","400172403896231769","31769","3,1","3,72"
"Pizza Salame Dr.Oetker","4001724819004400172403890030758","30758","2,99","3,59"
"Pizza Salami&Mozarella Dr.Oetker","400172403929731914","31914","2,79","3,35"
"Pizza Speciale Dr.Oetker","4001724819509400172403905130426","30426","2,79","3,35"
"Plat Water 2L EVD","54001410874825400141080148540014164918530121","30121",",33",",47"
"Prei Diepvries 1,5Kg Boni","540014168586232001","32001","1,84","2,6"
"Prince Choco Chocolade 6st 171g","762221012086130568","30568","2,65","3,18"
"Prince Choco vanille 6st 171g","762221012441831810","31810","2,59","3,11"
"Pringles Classic Paprika","505399016788331932","31932","2,12","2,54"
"Pringles Original 200g","5053990138722505399016780730557","30557","2,12","2,54"
"Prinsessenbonen Extra Fijn 340gr Boni","540014127870532173","32173",",98","1,38"
"Product 31931","540014126151631931","31931","2,98","4,2"
"Provensaalse Kruiden Bio Boni","540014136823932182","32182","1,15","1,62"
"Pyama Pants Dry Nites Boy 8-15 jaar 13St Huggies","502905357163831654","31654","9,37","11,24"
"Pyama Pants Girl 4-7 Jaar 16St Drynites","502905357162131742","31742","10,38","12,46"
"Quinoa 500g Boni","540014136767630231","30231","3,56","5,03"
"Rainbow Waterijsjes 12st Boni","5400141236927540014163626031065","31065","1,59","2,24"
"Ravioli tomatensaus blik 800g EVD","540014139870031413","31413","1,01","1,43"
"Regenereerzout 4x1kg Boni","540014121718630341","30341","2,13","3,01"
"Ricola Bergmunt 50g","761070062660331983","31983","2,19","2,63"
"Ricola Eucalyptus 50g","761070094908530570","30570","1,99","2,39"
"Ricola Lemon Mint 50g","761070094738831948","31948","1,49","1,79"
"Rietsuiker Fairtrade 500g Boni","540014138588530185","30185","1,44","2,03"
"Rijst basmati 4x125g Boni","540014124060331476","31476",",71","1,01"
"Rijst langkorrel 4x125gr EVD","540014105756011309","11309",",72","1,02"
"Rijstdrank 1L Zonder toegevoegde suikers Boni","540014162629232118","32118","1,27","1,79"
"Rijstpap Blik 400g EVD","540014116395730928","30928",",76","1,07"
"Rijstwafels 100gr EVD","540014135918330232","30232",",32",",46"
"Rijstwafels met chocolade boni","540014136427932031","32031",",84","1,19"
"Risottorijst 2Kg Boni","540014123929430233","30233","4,68","6,6"
"Ristorante spinazie+room 390g Dr Oetker","400172403953231884","31884","3,69","4,43"
"Rode Bieten 340g Boni","5400141796452540014143037030061","30061",",72","1,02"
"Rode bonen blik 400gr Boni","540014127842231706","31706",",54",",77"
"Rode kidneybonen 200gr Boni","540014133643631050","31050",",38",",54"
"Rode Kool Appelen 680g Boni","5400141186796540014185112030064","30064",",88","1,24"
"Rode kool met appel 560g EVD","540014116661330063","30063",",57",",8"
"Rode Pesto 190g Boni","540014156377130235","30235",",93","1,31"
"Ronde Wafeltjes 2x50 Boni","540014136784331977","31977","1,9","2,68"
"Room 30%vg brik 20cl EVD","5400141417234540014193628530582","30582",",67",",95"
"Rozijnen 500g EVD","540014135482930583","30583","1,7","2,4"
"Ruitenreiniger 1L EVD","540014125756430342","30342",",9","1,08"
"Salami met look gv 200gr Boni","540014163674131851","31851","2,25","3,18"
"Salami met look sneetjes 225gr EVD","5400141324778540014149197531865","31865","1,46","2,06"
"Salami met peper sneetjes 200g EVD","540014133712931593","31593","2,02","2,86"
"Salami Milano 150g +-22sn Boni","540014149196831966","31966","2,53","3,58"
"Salami Milano 200g Boni","5400141373875540014162488530593","30593","3,15","4,44"
"Salami zonder look 200gr EVD","5400141377347540014146956130956","30956","1,46","2,06"
"Sambal Oelek 200g Boni","540014128840730237","30237","1,61","2,27"
"Sanex Deoroller met Aluinsteen Normale Huid/Gevoelige Huid 50ml","8718951315457871895131551830523","30523","3,35","4,02"
"Sanex Deoroller ph balance dermo sensitive 50ml","8718951076570871895156339131844","31844","3,65","4,38"
"Sardinen in Olijfolie 125g Boni","540014186902632029","32029","1,11","1,56"
"Sardinen In Zonnebloemolie 125g EVD","54001414272405400141335699540014163137130067","30067",",5",",71"
"Scampi gepeld medium ASC 500g EVD","54001413302815400141430721540014128742431076","31076","8,45","11,93"
"Scampi ongepeld medium ASC 500g EVD","54001413303045400141250114540014127194231480","31480","6,8","9,6"
"Schar Brood Glutenvrij 350g","8008698011065800869803873431440","31440","3,29","3,95"
"Scheercreme 100ml Nivea","400580822324430526","30526","3,15","3,78"
"Scheergel 200ml EVD","5400141345308540014149666630278","30278","1,18","1,67"
"Scheermes 3 mesjes 8st Boni","540014130657630279","30279","5,08","7,18"
"Scheermes skin comf 3Mesjes Boni","540014130656931694","31694","2,47","3,48"
"Scheermesjes wegwerp 6st Boni","540014175436031684","31684","3,19","4,5"
"Scheerschuim verzor/sen. 250ml Nivea Men","4005900351838400590026916431875","31875","4,98","5,98"
"Scheersysteem 6 mesjes 1st Boni","5400141435399540014133567530598","30598","3,39","4,79"
"Schnitzels Veggie 204g Boni","540014151658632004","32004","1,91","2,7"
"Schuurmiddel Citroen 750ml EVD","540014129679230343","30343",",67",",95"
"Schuursponsen 10st EVD","5400141256970540014125697030344","30344",",38",",54"
"Schweppes Agrum 33cl ","541022130508530429","30429",",83","1"
"Schweppes Agrum Zero 33cl ","541022130510831014","31014",",65",",92"
"Schweppes Zero tonic 1,5L","541022130506131477","31477","2,19","2,63"
"Selderijzout 70g Boni","540014135937430316","30316",",51",",72"
"Sensodyne Fresh Mint 75ml","505456303921732016","32016","2,89","3,47"
"Sesamolie 250ml Boni","540014127744930240","30240","3,39","4,79"
"Shampoo 3 in 1 225ml Pantene","800184172579631433","31433","2,88","3,46"
"Shampoo Classic 360ml Pantene","800654047582931748","31748","4,49","5,39"
"Shampoo Normaal/Vettig 250ml Boni","5400141413731540014141371730283","30283","1,1","1,55"
"Shampoo oranjebloesem 500ml EVD","5400141232288540014176609711186","11186",",43",",6"
"Shampoo Volume en body 250ml Pantene","800184172570331434","31434","2,84","3,41"
"Signal Tandpasta integral 8 complete/white 75ml ","87109084541588720182012371872018201238830535","30535","2,39","2,87"
"Signal Tandpasta Kids 3-6 50ml","590030003680630536","30536","2,29","2,75"
"Sinaasappelsap 1,5L Boni","540014130430530152","30152","1,18","1,67"
"Sinaasappelsap 10x20cl EVD","540014112424830153","30153","1,77","2,5"
"Sinaasappelsap 1L EVD","5400141123951540014161622430154","30154",",81","1,14"
"Sinaasappelsap 50cl Boni","540014130389630149","30149","1,1","1,55"
"Siroop Munt 75cl BONI","540014129077631426","31426","2,3","3,24"
"siroop peren appels dadels, 450gr EVD","540014104343331556","31556","1,27","1,79"
"Skyr Natuur 500g Boni","54001419136995400141550368540014157173831394","31394","1,18","1,67"
"Slagroom Spuitbus 242ml EVD","5400141006087540014160916530730","30730","1,01","1,43"
"Smeerkaas 8st 140g EVD","540014169916631539","31539","1,6","2,26"
"Smeerkaas Light 200gr EVD","540014136628032187","32187","1,01","1,43"
"Smeerkaas natuur 8p 120gr La Vache Qui Rit","307378119502631869","31869","1,79","2,15"
"Smooth Glide navulmesjes 4st Boni ","540014125895031409","31409","3,79","5,35"
"Snackmengeling 300g EVD","540014136981630395","30395","1,51","2,14"
"Snelkookrijst langkorrel Boni","540014123703031775","31775","1,09","1,54"
"Snijbonen gesneden (dv) 1kg Boni","540014127613831604","31604","1,95","2,75"
"Snoep Fruit 500gr EVD","5400141215557540014164926030367","30367","1,88","2,65"
"Sodakristal 2Kg EVD","540014116242430345","30345","2,02","2,86"
"Soep Kip Groenten 515ml Boni","540014161857031307","31307","2,29","3,23"
"Soep tomaat Balletjes 1L Boni","540014128457730070","30070","1,86","2,63"
"Soep tomaat met balletjes 460ml Boni","540014191292031778","31778","1,06","1,5"
"Soepgroenten EVD 1,5 KG","540014134230732093","32093","1,59","2,24"
"Sojadrink Natuur 1L EVD","540014135377854001413794885400141167085540014191159630155","30155",",59",",83"
"Sojasaus 145ml Boni","540014179289832056","32056",",73","1,03"
"Spa Intense Bruisend Water 1,5L","541001311000230453","30453","1","1,2"
"Spa Reine Plat Water 1,5L","541001310000330454","30454",",85","1,02"
"Spaghetti 500g EVD","54001410434955400141380101540014176857230243","30243",",51",",72"
"Spaghetti Bolognaise 415gr EVD","5400141187243540014194106730068","30068","1,49","2,1"
"Spaghetti mix geraspt 200gr Boni","540014136630330904","30904","1,78","2,51"
"Spaghettikruiden 150g EVD","540014115976930317","30317",",76","1,07"
"Speculoos 1kg EVD","540014133323730396","30396","2,3","3,24"
"Speculoos 4x250g Lotus","541012600610031886","31886","4,07","4,88"
"Speculoospasta Creamy 400g Boni","540014132217030798","30798","1,27","1,79"
"Speculoospasta Crunchy 400g Boni","540014132208830244","30244","1,28","1,8"
"Sperziebonen zeer fijn (dv) 1,5Kg Boni","540014127286431062","31062","2,02","2,86"
"Spinazie 660g EVD","540014120875730069","30069","1,06","1,5"
"Spinazie In Roomsaus 450gr EVD","540014123868630097","30097",",44",",62"
"Spirelli 500g Boni","5400141351095540014171904830245","30245",",59",",83"
"Spirelli 500gr EVD","5400141043440540014176856530246","30246",",47",",66"
"Spoelmiddel 1L Boni","540014125520130757","30757","1,68","2,38"
"Sponsdoekjes 5st Boni","540014142834630959","30959","1,65","1,98"
"Sprite 0,5L","5449106931936","31936","1,16","1,39"
"Sprite Zero Sugar 1,5L ","544900011003930763","30763","1,67","2,36"
"Sprits 400gr EVD","5400141427059540014142705930397","30397","1,49","2,1"
"Sprits chocolade 9st 250gr EVD","540014133324430376","30376","1,19","1,68"
"Sticks Hondensnack Boni","5400141965506540014147093231934","31934","1,27","1,79"
"Sticks Kattensnack gev-lam 10x5g Boni","540014125439631938","31938",",85","1,2"
"Stofdoeken Katoen 40x40cm 4st  EVD","540014125698730347","30347","4,49","5,39"
"Stokbrood Meergranen 1st 250g Boni","540014133236031716","31716","1,35","1,91"
"Stokbrood wit voorgebakken 4st 300g Boni","540014133239131787","31787",",51",",72"
"Stoofvlees 800g EVD","540014181471231926","31926","4,84","6,83"
"Stoofvlees op Vlaamse wijze 680g Equinox","541189611141431692","31692","4,29","5,15"
"Studentenhaver 200gr EVD","540014146177032123","32123","1,27","1,79"
"Suikerbolletjes 425g BONI","540014174066031678","31678","2,8","3,95"
"Suikerklontjes 1Kg EVD","540014104621230247","30247",",94","1,32"
"Suikerklontjes apart verp 2,5kg Graindor","540014171574331761","31761","5,6","7,91"
"Suikervrije speculoos +-18st Boni","540014198032532068","32068","2,03","2,87"
"Suikervrije wafels vanille 6st Boni","540014160410832066","32066","2,08","2,94"
"Superchoc gedecor chocolade 250g","541190119035932074","32074","2,99","3,59"
"Superchoc Melkchocolade 250g","541190119020531343","31343","1,59","1,91"
"Superchoc Pure Chocolade 250g ","541190119025031341","31341","1,59","1,91"
"Superchoc Witte Chocolade 250g","541190119030431339","31339","1,59","1,91"
"Tabasco Rode Pepersaus 60ml","01121060095931554","31554","2,79","3,35"
"Tafelbier bruin 1,1% vol 33cl piedboeuf  +0.1€ leeggoed","541022814113631523","31523","1,15","1,38"
"Tafelzoetstof 75gr EVD","540014124278231794","31794",",84","1,19"
"Tafelzoetstof tabletten EVD","540014135858230949","30949",",67",",95"
"Tampax compak pearl regular 36st","401540069052831791","31791","5,58","6,7"
"Tampons O.B. Mini Comfort 32st","357466142000430543","30543","4,49","5,39"
"Tampons Tampax Regular pro 36st","401540028599131513","31513","3,91","4,69"
"Tandenborstel kids 2st Boni","540014142535230285","30285","1,01","1,43"
"Tandenborstel medium 4st EVD","5400141059663540014177814430284","30284",",51",",72"
"Tandenstokers +- 1000st. EVD","540014185677431535","31535",",85","1,2"
"Tandpasta 125ml EVD","54001414797065400141774900540014132413630287","30287",",51",",72"
"Tandpasta cool Crystal 75ml Colgate","871895131317031758","31758","1,61","1,93"
"Tandpasta Fresh gel/bi-fluor 100ml Colgate","871478932379431759","31759","1,19","1,68"
"Tartare 300ml Devos Lemmens","541005618109030507","30507","1,99","2,39"
"Tartare 420ml Boni","540014131281540014130128131697","31697",",85","1,2"
"Tarwebloem 1Kg EVD","540014105647130250","30250",",3",",42"
"Thee infusion Munt 25st Boni","540014139170130145","30145","1,18","1,67"
"Thee Rozenbottel 25st Boni","540014139168830148","30148","1,27","1,79"
"Tijm 20g Boni","540014109806830318","30318",",71","1"
"Toiletpapier 4lagen 6rollen EVD","5400141012606540014171527910221","10221","2,12","2,99"
"Toiletpapier decor 4 lagen - 16 rollen Boni","540014153604130737","30737","5,57","7,86"
"Toiletpapier Sterk 3l-12r EVD","54001412172165400141217216540014153606531072","31072","3,43","4,84"
"Tomaten crème 515ml Knorr","871052261697031780","31780","1,79","2,15"
"Tomaten gepeld 400g EVD","540014116880854001416094245400141845006540014184500630041","30041",",42",",59"
"Tomatenpuree BIO dubbelgeconcentreerd 140g Boni","15400141386735540014138673831757","31757",",61",",86"
"Tomatenpuree dubbel gecon 140gr EVD","540014117432831856","31856",",42",",59"
"Tomatenpuree dubbel geconc 140g Boni","5400141247831540014162587531486","31486",",5",",71"
"Tomatenpuree dubbel geconcentreerd 70gr Boni","5400141247817540014132363430073","30073",",21",",3"
"Tomatensaus Basilico 420gr Boni","540014150134632129","32129",",89","1,26"
"Tomatenstukjes 400g EVD","540014117486154001410656715400141086829540014184499330072","30072",",55",",78"
"Tonic 50cl Boni","540014129661730158","30158",",3",",42"
"Tonic Zero 50cl Boni","540014129660030784","30784",",44",",62"
"Tonijn in nat 200gr Boni","5400141468182540014152836731768","31768",",99","1,39"
"Tonijn in nat 200gr EVD","54001414408055400141399578540014186752731049","31049","1,06","1,5"
"Tonijn zonnebloemolie 200gr EVD","54001413995855400141573381540014186753411290","11290","1,26","1,78"
"Tonijnsalade 250g EVD","31327","31327","1,1","1,55"
"Torpedo Raket 600ml Boni","540014124087030098","30098","1,22","1,73"
"Tortilla Chips natuur 200gr Boni","5400141322668540014143935930399","30399",",5",",71"
"Tortilla Chips Sweet chili Boni 200g","5400141448474540014144019530947","30947",",67",",95"
"Tortillas 8st 320gr Poco Loco","541251455555930474","30474","2,49","2,99"
"Twin Lady Scheermesjes 8st Bic","308612317062932080","32080","2,05","2,46"
"Uitjes in azijn 320g EVD","540014142720230252","30252",",38",",54"
"Ultra Doux Conditioner Argan/Gember 200ml","3600542463287360054246260031991","31991","3,89","4,67"
"Ultra Doux Conditioner Kamille","360054246158032180","32180","2,49","2,99"
"Ultra Doux Shampoo kokos/ginger 250ml","360054226945236005423188773600542462426360054246323230531","30531","3,5","4,2"
"Union Match Lucifer 5x60st","541025848261232034","32034","1,79","2,15"
"Universele Doek 10st EVD","540014128328030350","30350","1,1","1,55"
"Vaatwascapsule all in one 50st Boni","540014138545830323","30323","8,82","12,46"
"Vaatwastabletten All in 1 70st Boni","540014193207230549","30549","4,15","5,86"
"Vaatwastabletten ECO 70st Boni","54001411908095400141431193540014143608230353","30353","9,5","11,4"
"Vanille ijsjes Witte Chocolade 6 stuks EVD","540014151109331707","31707","1,44","2,03"
"Vanille-ijsjes Melkchocolade 6st EVD","5400141415384540014150971730897","30897","1,35","1,91"
"Vanille-ijsjes Melkchocolade Amandel 6st EVD","5400141415274540014151108630717","30717","1,69","2,39"
"Vanilleijsjes Witte Chocolade 6x120ml evd","540014141521631643","31643","1,57","2,22"
"Vanillinesuiker 15x8g Boni","540014133274230253","30253",",5",",71"
"Vanish Oxi Action Wasbooster Poeder White 1,5kg","5410036302057872006500664030546","30546","16","19,2"
"Veggie worst natuur 100gr Boni","5400141896732540014160132931837","31837","1,52","2,15"
"Veggie worst tomaat-basilicum 100gr Boni","5400141896725540014160111431861","31861","1,52","2,15"
"Verse Roomkaas look-fijne kruiden 150g EVD","540014141359531074","31074",",76","1,07"
"Vershoudfolie 100m EVD","540014119381730697","30697","1,52","2,15"
"Viennetta Salted Caramel 650ml","871132759101132091","32091","3,99","4,79"
"Viennetta Vanille XXL 1L","871256639770932090","32090","4,6","5,52"
"Vileda Dweil 2st","402310320749332036","32036","3,95","4,74"
"VIM schuurpoeder 500gr","5410091754013801733108569130699","30699","2","2,4"
"Vinaigrette Bieslook 450ml Boni","5400141731620540014196565030254","30254","1,69","2,39"
"Vinaigrette Mosterd op grootmoeders wijze 450ml Vandemoortele","541009314352531704","31704","2,54","3,59"
"Vitabis eerste kinderkoekje 175g Lu","762221077806231514","31514","1,69","2,03"
"Vleesbouillon 12st EVD","54001414154455400141377231540014183997530256","30256",",33",",47"
"Vleesbrood sneetjes 150g Boni","540014153994331322","31322","1,35","1,91"
"Vleessalade 250gr EVD","31326","31326","1,22","1,72"
"Vloeibaar wasmiddel color 2,475L Everyday","540014179651331984","31984","3,23","4,56"
"Vloeibaar Wasmiddel Ultra 2,475L 45d EVD","540014133348054001419124015400141912395540014179652030351","30351","2,55","3,6"
"Vloeibare Bloemenhoning 350g Boni","5400141359756540014143748530257","30257","1,87","2,64"
"Vochtige huishouddoekjes citr. 80st Boni","540014144370731994","31994","1,18","1,67"
"Vol-au-vent bokaal 800g EVD","54001413877805400141862461540014186246130076","30076","2,8","3,95"
"Volkoren knackebrot 300g Lichtgewicht Wasa","730040048174831485","31485","1,4","1,68"
"Volle Melk 0,5L Boni","540014126956732134","32134",",59",",83"
"Volle Melk 1L Boni","540014126957430410","30410",",99","1,39"
"Volle Melk brik 1L EVD","540014140459330411","30411",",76","1,07"
"Volle melk pet 1L Campina","541043800018631838","31838","1,75","2,1"
"Vuilniszak 100L Boni","540014121170231944","31944","1,69","2,39"
"Vuilniszak 100L EVD","540014121309632032","32032","1,01","1,43"
"Vuilniszak 60l 15st EVD","540014121310230349","30349",",82","1,16"
"Vuilniszak 60L trekband Boni","540014121166530729","30729","1,65","1,98"
"Vuilniszakken pedaalemmer 25L 30st EVD","540014193807431276","31276",",76","1,07"
"Vuurkruiden 210g Boni","540014121253231967","31967","1,69","2,39"
"Wagner Piccolinis Formaggi","400923301434732152","32152","3,49","4,19"
"Wagner Piccolinis Schinken Prosciutto","32149","32149","3,49","4,19"
"Wagner Piccolinis Tomaat- Mozzar","400923301444632153","32153","3,49","4,19"
"Wasmiddel Vloeibaar Color 1,9L Boni","5400141387377540014143143831370","31370","4,24","5,99"
"Wasmiddel Vloeibaar Color 2L475 45 EVD","54001413334665400141333466540014184765930354","30354","3,11","4,39"
"Wasmiddel White 1,9L 38d Boni","5400141387360540014143038730358","30358","7","8,4"
"Waspoeder 4,40kg EVD","540014112850530359","30359","5,61","7,92"
"Wasverzachter Bloemenfris 2L EVD","54001412172095400141367805540014154660630360","30360","2,08","2,94"
"Wasverzachter Lavendel 1,5L Boni","5400141354430540014146739030361","30361","2,3","2,76"
"Wasverzachter Lotus 1,5L Boni","540014129685332140","32140","2,29","3,23"
"Water 1,5L Boni","540014142006730794","30794",",33",",47"
"Water 1L Boni ","540014142012830738","30738",",4",",56"
"Water 50cl EVD","5400141415971540014163714430795","30795",",13",",18"
"Wattenschijfjes 100st EVD","540014153227230290","30290",",36",",5"
"Wattenschijfjes Maxi 50st Boni","540014119368830275","30275",",84","1,19"
"Wattenstaafjes bamboe 200st EVD","540014135818630267","30267",",43",",6"
"Wc Blok Atlantisch 3st EVD","5400141333275540014185941630362","30362","1,29","1,55"
"Wc gel Eucalyptus Den javel 1L EVD","5400141354393540014156075611201","11201",",94","1,32"
"Wc gel Marine javel 1L EVD","5400141354379540014125481554001412167075400141160567540014135437930363","30363","1,09","1,31"
"Wc Reiniger Ecover Lemon&Orange 0.75L ","541253341381631700","31700","3,99","4,79"
"WC-gel met javel 1L EVD marine","540014161634732006","32006","1,18","1,67"
"Weense worsten 400g EVD ","540014128698431672","31672",",64",",9"
"Wegwerpscheermesjes 6st x3 Boni","540014113203831997","31997","3,44","4,13"
"Whiskas Dry Kip 7+ 1,9kg ","590095125862630998","30998","6,92","8,3"
"Witte Asperges 330g Boni","5400141278033540014189425730078","30078","1,02","1,44"
"Witte Bonen 400gr EVD","540014168832030080","30080",",43",",61"
"Witte bonen In tomatensaus 400g EVD","540014117485454001410577135400141336283540014161880830029","30029",",42",",59"
"Witte bonen in tomatensaus200g Boni","540014198196431682","31682",",63",",89"
"Witte Stokbroodjes 2st 250gr Boni","5400141332421540014144021831607","31607","1,69","2,39"
"Witte stokbroodjes 4x150g EVD","5400141962680540014193800531573","31573","1","1,42"
"Woknoodles 2x150g Boni","540014128854430258","30258","1,44","2,03"
"Wraps Original 6st Poco Loco","541251435000031298","31298","2,68","3,22"
"Wraps Volkoren 6st Poco Loco","541251493555932089","32089","2,79","3,35"
"Yoghurt Mager 1L EVD","5400141306996540014166496630942","30942",",67",",95"
"Yoghurt Mager 6smaken EVD","54001413899932196","32196","2,2","3,11"
"Yoghurt Mager 8x125gr EVD","540014116782531016","31016","1,01","1,43"
"Yoghurt mager gesuikerd 8x125gr EVD","540014116780131537","31537",",84","1,19"
"Yoghurt Vol 1L EVD","540014116772630903","30903","1,01","1,43"
"Yogolino Aardbei 4x100gr  6m-36m Nestle","400550002950231639","31639","1,83","2,2"
"Yogolino Banaan/Perzik 6m-36m 6x60gr Nestle","761328741297331640","31640","3,23","3,88"
"Yogolino Vanille 6m+ 4x400g Nestlé","761303158742131655","31655","1,69","2,39"
"Zakdoek Box 2L 150st EVD","540014115070430292","30292",",67",",95"
"Zakdoek Menthol 12x10st Boni","5400141390988540014187609330293","30293","2,21","3,12"
"Zakdoekjes 30x10st EVD","5400141186734540014172121830291","30291","2,12","2,99"
"Zeezout Molen 90g Boni","540014120820730259","30259","1","1,42"
"Zelfrijzend Bakmeel 1Kg EVD","5400141056587540014199418630260","30260",",5",",71"
"Zilverzalm Msc 213 Boni","5400141281552540014153093330083","30083","3,17","4,48"
"Zoete Maïs 150g Boni","540014127895830930","30930",",53",",74"
"Zoetzure Saus 400g Suzi Wan","400235963655431651","31651","3,26","3,91"
"Zoetzure Saus bokaal 500g Boni","540014113040930261","30261","1,4","1,98"
"Zoetzuresaus knijpfles 500ml Boni","540014128999230262","30262","2,2","3,11"
"Zonnebloemolie 1L Boni","540014134542130265","30265","2,03","2,87"
"Zonnebloemolie 2L EVD","540014143765232092","32092","3,38","4,78"
"Zonnebloempitten 280g BONI","54001412961295400141370119540014175022530585","30585","2,01","2,83"
"Zonnecreme F30 200ml NIVEA SUN","400590036384831675","31675","13,99","16,79"
"Zonnecrème F50+ 200ml NIVEA","400590036387931676","31676","11,99","14,39"
"Zonnemelk spf30 EVD","540014104687831701","31701","3,65","5,15"
"Zonnespray F30 200ml Nivea","400590036360231939","31939","12,74","17,99"
"Zure Beertjes 500g EVD","54001412737315400141763218540014176321831036","31036","2,02","2,86"
"Zuurkool witte wijn blik 800g EVD","540014140639930039","30039","2,34","3,3"
"Zwarte Peper Molen 35g Boni","540014120819130320","30320",",94","1,33"
"Zwarte thee 100st EVD","540014118157911188","11188","1,53","2,16"
"Zwarte Thee Bio Fairtrade 25st Boni","540014139948630119","30119","1,58","2,23"
